-- E2E Test Seed Data
-- Idempotent: truncates and re-inserts on every run
-- Contains: titulos, precos, tributos (IOF + IR), feriados

TRUNCATE precos_taxas, tributo_faixas, tributos, feriados, titulos CASCADE;

-- ============================================================
-- Titulos (one per indexador + one vencido)
-- ============================================================
INSERT INTO titulos (id, tipo_titulo, data_vencimento, indexador, paga_juros_semestrais) VALUES
  ('a0000000-0000-0000-0000-000000000001', 'Tesouro Selic',                          '2029-03-01', 'Selic',      false),
  ('a0000000-0000-0000-0000-000000000002', 'Tesouro Prefixado',                      '2029-01-01', 'Prefixado',  false),
  ('a0000000-0000-0000-0000-000000000003', 'Tesouro IPCA+',                          '2035-05-15', 'IPCA',       false),
  ('a0000000-0000-0000-0000-000000000004', 'Tesouro IPCA+ com Juros Semestrais',     '2040-08-15', 'IPCA',       true),
  ('a0000000-0000-0000-0000-000000000005', 'Tesouro IGPM+ com Juros Semestrais',     '2031-01-01', 'IGPM',       true),
  ('a0000000-0000-0000-0000-000000000006', 'Tesouro Prefixado com Juros Semestrais', '2029-01-01', 'Prefixado',  true),
  ('a0000000-0000-0000-0000-000000000007', 'Tesouro Selic',                          '2020-03-01', 'Selic',      false);

-- ============================================================
-- Precos/Taxas (sample data for charts and tables)
-- ============================================================
-- Tesouro Selic 2029 - 25 daily records
INSERT INTO precos_taxas (id, titulo_id, data_base, taxa_compra, taxa_venda, pu_compra, pu_venda, pu_base) VALUES
  (gen_random_uuid(), 'a0000000-0000-0000-0000-000000000001', '2024-01-02', 0.0432, 0.0472, 13987.450000, 13975.320000, 13980.100000),
  (gen_random_uuid(), 'a0000000-0000-0000-0000-000000000001', '2024-01-03', 0.0430, 0.0470, 13990.120000, 13978.000000, 13983.500000),
  (gen_random_uuid(), 'a0000000-0000-0000-0000-000000000001', '2024-01-04', 0.0428, 0.0468, 13993.780000, 13981.650000, 13986.200000),
  (gen_random_uuid(), 'a0000000-0000-0000-0000-000000000001', '2024-01-05', 0.0431, 0.0471, 13996.440000, 13984.310000, 13989.800000),
  (gen_random_uuid(), 'a0000000-0000-0000-0000-000000000001', '2024-01-08', 0.0429, 0.0469, 14002.100000, 13989.960000, 13995.400000),
  (gen_random_uuid(), 'a0000000-0000-0000-0000-000000000001', '2024-01-09', 0.0427, 0.0467, 14005.780000, 13993.630000, 13999.100000),
  (gen_random_uuid(), 'a0000000-0000-0000-0000-000000000001', '2024-01-10', 0.0425, 0.0465, 14009.440000, 13997.290000, 14002.700000),
  (gen_random_uuid(), 'a0000000-0000-0000-0000-000000000001', '2024-01-11', 0.0426, 0.0466, 14013.110000, 14000.950000, 14006.400000),
  (gen_random_uuid(), 'a0000000-0000-0000-0000-000000000001', '2024-01-12', 0.0424, 0.0464, 14016.770000, 14004.610000, 14010.100000),
  (gen_random_uuid(), 'a0000000-0000-0000-0000-000000000001', '2024-01-15', 0.0422, 0.0462, 14023.100000, 14010.940000, 14016.400000),
  (gen_random_uuid(), 'a0000000-0000-0000-0000-000000000001', '2024-01-16', 0.0420, 0.0460, 14026.780000, 14014.610000, 14020.100000),
  (gen_random_uuid(), 'a0000000-0000-0000-0000-000000000001', '2024-01-17', 0.0421, 0.0461, 14030.440000, 14018.270000, 14023.700000),
  (gen_random_uuid(), 'a0000000-0000-0000-0000-000000000001', '2024-01-18', 0.0419, 0.0459, 14034.110000, 14021.940000, 14027.400000),
  (gen_random_uuid(), 'a0000000-0000-0000-0000-000000000001', '2024-01-19', 0.0418, 0.0458, 14037.770000, 14025.600000, 14031.100000),
  (gen_random_uuid(), 'a0000000-0000-0000-0000-000000000001', '2024-01-22', 0.0417, 0.0457, 14044.100000, 14031.930000, 14037.400000),
  (gen_random_uuid(), 'a0000000-0000-0000-0000-000000000001', '2024-01-23', 0.0416, 0.0456, 14047.780000, 14035.600000, 14041.100000),
  (gen_random_uuid(), 'a0000000-0000-0000-0000-000000000001', '2024-01-24', 0.0415, 0.0455, 14051.440000, 14039.260000, 14044.700000),
  (gen_random_uuid(), 'a0000000-0000-0000-0000-000000000001', '2024-01-25', 0.0414, 0.0454, 14055.110000, 14042.930000, 14048.400000),
  (gen_random_uuid(), 'a0000000-0000-0000-0000-000000000001', '2024-01-26', 0.0413, 0.0453, 14058.770000, 14046.590000, 14052.100000),
  (gen_random_uuid(), 'a0000000-0000-0000-0000-000000000001', '2024-01-29', 0.0412, 0.0452, 14065.110000, 14052.920000, 14058.400000),
  (gen_random_uuid(), 'a0000000-0000-0000-0000-000000000001', '2024-01-30', 0.0411, 0.0451, 14068.780000, 14056.590000, 14062.100000),
  (gen_random_uuid(), 'a0000000-0000-0000-0000-000000000001', '2024-01-31', 0.0410, 0.0450, 14072.440000, 14060.250000, 14065.700000),
  (gen_random_uuid(), 'a0000000-0000-0000-0000-000000000001', '2024-02-01', 0.0409, 0.0449, 14076.110000, 14063.920000, 14069.400000),
  (gen_random_uuid(), 'a0000000-0000-0000-0000-000000000001', '2024-02-02', 0.0408, 0.0448, 14079.770000, 14067.580000, 14073.100000),
  (gen_random_uuid(), 'a0000000-0000-0000-0000-000000000001', '2024-02-05', 0.0407, 0.0447, 14086.110000, 14073.910000, 14079.400000);

-- Tesouro IPCA+ 2035 - 10 records
INSERT INTO precos_taxas (id, titulo_id, data_base, taxa_compra, taxa_venda, pu_compra, pu_venda, pu_base) VALUES
  (gen_random_uuid(), 'a0000000-0000-0000-0000-000000000003', '2024-01-02', 5.6800, 5.7200, 3245.780000, 3238.450000, 3241.100000),
  (gen_random_uuid(), 'a0000000-0000-0000-0000-000000000003', '2024-01-03', 5.6700, 5.7100, 3248.120000, 3240.790000, 3243.400000),
  (gen_random_uuid(), 'a0000000-0000-0000-0000-000000000003', '2024-01-04', 5.6600, 5.7000, 3250.460000, 3243.130000, 3245.700000),
  (gen_random_uuid(), 'a0000000-0000-0000-0000-000000000003', '2024-01-05', 5.6500, 5.6900, 3252.800000, 3245.470000, 3248.100000),
  (gen_random_uuid(), 'a0000000-0000-0000-0000-000000000003', '2024-01-08', 5.6400, 5.6800, 3257.480000, 3250.150000, 3252.800000),
  (gen_random_uuid(), 'a0000000-0000-0000-0000-000000000003', '2024-01-09', 5.6300, 5.6700, 3259.820000, 3252.490000, 3255.100000),
  (gen_random_uuid(), 'a0000000-0000-0000-0000-000000000003', '2024-01-10', 5.6200, 5.6600, 3262.160000, 3254.830000, 3257.400000),
  (gen_random_uuid(), 'a0000000-0000-0000-0000-000000000003', '2024-01-11', 5.6100, 5.6500, 3264.500000, 3257.170000, 3259.800000),
  (gen_random_uuid(), 'a0000000-0000-0000-0000-000000000003', '2024-01-12', 5.6000, 5.6400, 3266.840000, 3259.510000, 3262.100000),
  (gen_random_uuid(), 'a0000000-0000-0000-0000-000000000003', '2024-01-15', 5.5900, 5.6300, 3271.520000, 3264.190000, 3266.800000);

-- Tesouro Prefixado 2029 - 5 records
INSERT INTO precos_taxas (id, titulo_id, data_base, taxa_compra, taxa_venda, pu_compra, pu_venda, pu_base) VALUES
  (gen_random_uuid(), 'a0000000-0000-0000-0000-000000000002', '2024-01-02', 10.2000, 10.2400, 725.340000, 724.120000, 724.700000),
  (gen_random_uuid(), 'a0000000-0000-0000-0000-000000000002', '2024-01-03', 10.1800, 10.2200, 725.780000, 724.560000, 725.100000),
  (gen_random_uuid(), 'a0000000-0000-0000-0000-000000000002', '2024-01-04', 10.1600, 10.2000, 726.220000, 725.000000, 725.600000),
  (gen_random_uuid(), 'a0000000-0000-0000-0000-000000000002', '2024-01-05', 10.1400, 10.1800, 726.660000, 725.440000, 726.000000),
  (gen_random_uuid(), 'a0000000-0000-0000-0000-000000000002', '2024-01-08', 10.1200, 10.1600, 727.540000, 726.320000, 726.900000);

-- Tesouro IPCA+ com Juros Semestrais 2040 - 5 records
INSERT INTO precos_taxas (id, titulo_id, data_base, taxa_compra, taxa_venda, pu_compra, pu_venda, pu_base) VALUES
  (gen_random_uuid(), 'a0000000-0000-0000-0000-000000000004', '2024-01-02', 5.8200, 5.8600, 4120.450000, 4112.320000, 4115.100000),
  (gen_random_uuid(), 'a0000000-0000-0000-0000-000000000004', '2024-01-03', 5.8100, 5.8500, 4123.780000, 4115.650000, 4118.400000),
  (gen_random_uuid(), 'a0000000-0000-0000-0000-000000000004', '2024-01-04', 5.8000, 5.8400, 4127.110000, 4118.980000, 4121.700000),
  (gen_random_uuid(), 'a0000000-0000-0000-0000-000000000004', '2024-01-05', 5.7900, 5.8300, 4130.440000, 4122.310000, 4125.100000),
  (gen_random_uuid(), 'a0000000-0000-0000-0000-000000000004', '2024-01-08', 5.7800, 5.8200, 4136.110000, 4127.980000, 4130.700000);

-- Tesouro IGP-M+ com Juros Semestrais 2031 - 5 records
INSERT INTO precos_taxas (id, titulo_id, data_base, taxa_compra, taxa_venda, pu_compra, pu_venda, pu_base) VALUES
  (gen_random_uuid(), 'a0000000-0000-0000-0000-000000000005', '2024-01-02', 6.1200, 6.1600, 3890.120000, 3882.450000, 3885.200000),
  (gen_random_uuid(), 'a0000000-0000-0000-0000-000000000005', '2024-01-03', 6.1100, 6.1500, 3893.450000, 3885.780000, 3888.500000),
  (gen_random_uuid(), 'a0000000-0000-0000-0000-000000000005', '2024-01-04', 6.1000, 6.1400, 3896.780000, 3889.110000, 3891.800000),
  (gen_random_uuid(), 'a0000000-0000-0000-0000-000000000005', '2024-01-05', 6.0900, 6.1300, 3900.110000, 3892.440000, 3895.100000),
  (gen_random_uuid(), 'a0000000-0000-0000-0000-000000000005', '2024-01-08', 6.0800, 6.1200, 3905.780000, 3898.110000, 3900.800000);

-- Tesouro Prefixado com Juros Semestrais 2029 - 5 records
INSERT INTO precos_taxas (id, titulo_id, data_base, taxa_compra, taxa_venda, pu_compra, pu_venda, pu_base) VALUES
  (gen_random_uuid(), 'a0000000-0000-0000-0000-000000000006', '2024-01-02', 10.3500, 10.3900, 1012.340000, 1011.120000, 1011.700000),
  (gen_random_uuid(), 'a0000000-0000-0000-0000-000000000006', '2024-01-03', 10.3300, 10.3700, 1012.780000, 1011.560000, 1012.100000),
  (gen_random_uuid(), 'a0000000-0000-0000-0000-000000000006', '2024-01-04', 10.3100, 10.3500, 1013.220000, 1012.000000, 1012.600000),
  (gen_random_uuid(), 'a0000000-0000-0000-0000-000000000006', '2024-01-05', 10.2900, 10.3300, 1013.660000, 1012.440000, 1013.000000),
  (gen_random_uuid(), 'a0000000-0000-0000-0000-000000000006', '2024-01-08', 10.2700, 10.3100, 1014.540000, 1013.320000, 1013.900000);

-- Tesouro Selic 2020 (vencido) - 3 records
INSERT INTO precos_taxas (id, titulo_id, data_base, taxa_compra, taxa_venda, pu_compra, pu_venda, pu_base) VALUES
  (gen_random_uuid(), 'a0000000-0000-0000-0000-000000000007', '2019-12-30', 0.0200, 0.0240, 10450.120000, 10445.780000, 10447.500000),
  (gen_random_uuid(), 'a0000000-0000-0000-0000-000000000007', '2019-12-31', 0.0198, 0.0238, 10452.340000, 10448.000000, 10449.700000),
  (gen_random_uuid(), 'a0000000-0000-0000-0000-000000000007', '2020-01-02', 0.0195, 0.0235, 10455.670000, 10451.330000, 10453.000000);

-- ============================================================
-- Tributos: IOF (tabela diária) + IR (faixa por dias)
-- ============================================================
INSERT INTO tributos (id, nome, base_calculo, tipo_calculo, ativo, ordem, cumulativo) VALUES
  ('b0000000-0000-0000-0000-000000000001', 'IOF',              'Rendimento', 'TabelaDiaria',  true, 1, true),
  ('b0000000-0000-0000-0000-000000000002', 'Imposto de Renda', 'Rendimento', 'FaixaPorDias',  true, 2, false);

-- IOF faixas (29 dias)
INSERT INTO tributo_faixas (dias_min, dias_max, dia, aliquota, tributo_id) VALUES
  (NULL, NULL, 1,  96.0000, 'b0000000-0000-0000-0000-000000000001'),
  (NULL, NULL, 2,  93.0000, 'b0000000-0000-0000-0000-000000000001'),
  (NULL, NULL, 3,  90.0000, 'b0000000-0000-0000-0000-000000000001'),
  (NULL, NULL, 4,  86.0000, 'b0000000-0000-0000-0000-000000000001'),
  (NULL, NULL, 5,  83.0000, 'b0000000-0000-0000-0000-000000000001'),
  (NULL, NULL, 6,  80.0000, 'b0000000-0000-0000-0000-000000000001'),
  (NULL, NULL, 7,  76.0000, 'b0000000-0000-0000-0000-000000000001'),
  (NULL, NULL, 8,  73.0000, 'b0000000-0000-0000-0000-000000000001'),
  (NULL, NULL, 9,  70.0000, 'b0000000-0000-0000-0000-000000000001'),
  (NULL, NULL, 10, 66.0000, 'b0000000-0000-0000-0000-000000000001'),
  (NULL, NULL, 11, 63.0000, 'b0000000-0000-0000-0000-000000000001'),
  (NULL, NULL, 12, 60.0000, 'b0000000-0000-0000-0000-000000000001'),
  (NULL, NULL, 13, 56.0000, 'b0000000-0000-0000-0000-000000000001'),
  (NULL, NULL, 14, 53.0000, 'b0000000-0000-0000-0000-000000000001'),
  (NULL, NULL, 15, 50.0000, 'b0000000-0000-0000-0000-000000000001'),
  (NULL, NULL, 16, 46.0000, 'b0000000-0000-0000-0000-000000000001'),
  (NULL, NULL, 17, 43.0000, 'b0000000-0000-0000-0000-000000000001'),
  (NULL, NULL, 18, 40.0000, 'b0000000-0000-0000-0000-000000000001'),
  (NULL, NULL, 19, 36.0000, 'b0000000-0000-0000-0000-000000000001'),
  (NULL, NULL, 20, 33.0000, 'b0000000-0000-0000-0000-000000000001'),
  (NULL, NULL, 21, 30.0000, 'b0000000-0000-0000-0000-000000000001'),
  (NULL, NULL, 22, 26.0000, 'b0000000-0000-0000-0000-000000000001'),
  (NULL, NULL, 23, 23.0000, 'b0000000-0000-0000-0000-000000000001'),
  (NULL, NULL, 24, 20.0000, 'b0000000-0000-0000-0000-000000000001'),
  (NULL, NULL, 25, 16.0000, 'b0000000-0000-0000-0000-000000000001'),
  (NULL, NULL, 26, 13.0000, 'b0000000-0000-0000-0000-000000000001'),
  (NULL, NULL, 27, 10.0000, 'b0000000-0000-0000-0000-000000000001'),
  (NULL, NULL, 28,  6.0000, 'b0000000-0000-0000-0000-000000000001'),
  (NULL, NULL, 29,  3.0000, 'b0000000-0000-0000-0000-000000000001');

-- IR faixas (regressiva)
INSERT INTO tributo_faixas (dias_min, dias_max, dia, aliquota, tributo_id) VALUES
  (0,   180,    NULL, 22.5000, 'b0000000-0000-0000-0000-000000000002'),
  (181, 360,    NULL, 20.0000, 'b0000000-0000-0000-0000-000000000002'),
  (361, 720,    NULL, 17.5000, 'b0000000-0000-0000-0000-000000000002'),
  (721, 999999, NULL, 15.0000, 'b0000000-0000-0000-0000-000000000002');

-- ============================================================
-- Feriados (2024, enough for simulator calculations)
-- ============================================================
INSERT INTO feriados (id, data, descricao) VALUES
  (gen_random_uuid(), '2024-01-01', 'Confraternização Universal'),
  (gen_random_uuid(), '2024-02-12', 'Carnaval'),
  (gen_random_uuid(), '2024-02-13', 'Carnaval'),
  (gen_random_uuid(), '2024-03-29', 'Sexta-feira Santa'),
  (gen_random_uuid(), '2024-04-21', 'Tiradentes'),
  (gen_random_uuid(), '2024-05-01', 'Dia do Trabalho'),
  (gen_random_uuid(), '2024-05-30', 'Corpus Christi'),
  (gen_random_uuid(), '2024-09-07', 'Independência do Brasil'),
  (gen_random_uuid(), '2024-10-12', 'Nossa Senhora Aparecida'),
  (gen_random_uuid(), '2024-11-02', 'Finados'),
  (gen_random_uuid(), '2024-11-15', 'Proclamação da República'),
  (gen_random_uuid(), '2024-11-20', 'Consciência Negra'),
  (gen_random_uuid(), '2024-12-25', 'Natal'),
  (gen_random_uuid(), '2025-01-01', 'Confraternização Universal'),
  (gen_random_uuid(), '2025-03-03', 'Carnaval'),
  (gen_random_uuid(), '2025-03-04', 'Carnaval'),
  (gen_random_uuid(), '2025-04-18', 'Sexta-feira Santa'),
  (gen_random_uuid(), '2025-04-21', 'Tiradentes'),
  (gen_random_uuid(), '2025-05-01', 'Dia do Trabalho'),
  (gen_random_uuid(), '2025-06-19', 'Corpus Christi'),
  (gen_random_uuid(), '2025-09-07', 'Independência do Brasil'),
  (gen_random_uuid(), '2025-10-12', 'Nossa Senhora Aparecida'),
  (gen_random_uuid(), '2025-11-02', 'Finados'),
  (gen_random_uuid(), '2025-11-15', 'Proclamação da República'),
  (gen_random_uuid(), '2025-11-20', 'Consciência Negra'),
  (gen_random_uuid(), '2025-12-25', 'Natal');
